CREATE DATABASE  IF NOT EXISTS `fakebank` /*!40100 DEFAULT CHARACTER SET utf8mb4 COLLATE utf8mb4_0900_ai_ci */ /*!80016 DEFAULT ENCRYPTION='N' */;
USE `fakebank`;
-- MySQL dump 10.13  Distrib 8.0.34, for macos13 (arm64)
--
-- Host: 127.0.0.1    Database: fakebank
-- ------------------------------------------------------
-- Server version	8.1.0

/*!40101 SET @OLD_CHARACTER_SET_CLIENT=@@CHARACTER_SET_CLIENT */;
/*!40101 SET @OLD_CHARACTER_SET_RESULTS=@@CHARACTER_SET_RESULTS */;
/*!40101 SET @OLD_COLLATION_CONNECTION=@@COLLATION_CONNECTION */;
/*!50503 SET NAMES utf8 */;
/*!40103 SET @OLD_TIME_ZONE=@@TIME_ZONE */;
/*!40103 SET TIME_ZONE='+00:00' */;
/*!40014 SET @OLD_UNIQUE_CHECKS=@@UNIQUE_CHECKS, UNIQUE_CHECKS=0 */;
/*!40014 SET @OLD_FOREIGN_KEY_CHECKS=@@FOREIGN_KEY_CHECKS, FOREIGN_KEY_CHECKS=0 */;
/*!40101 SET @OLD_SQL_MODE=@@SQL_MODE, SQL_MODE='NO_AUTO_VALUE_ON_ZERO' */;
/*!40111 SET @OLD_SQL_NOTES=@@SQL_NOTES, SQL_NOTES=0 */;

--
-- Table structure for table `account`
--

DROP TABLE IF EXISTS `account`;
/*!40101 SET @saved_cs_client     = @@character_set_client */;
/*!50503 SET character_set_client = utf8mb4 */;
CREATE TABLE `account` (
  `ID` int NOT NULL,
  `acct_nbr` varchar(128) NOT NULL,
  `Product_ID` int NOT NULL,
  `Banker_ID` int NOT NULL,
  `Status` varchar(128) NOT NULL,
  `Open_Dt` date NOT NULL,
  `Close_Dt` date DEFAULT NULL,
  `Start_Dt` date NOT NULL,
  `End_Dt` date NOT NULL,
  `Is_Current` int NOT NULL,
  PRIMARY KEY (`ID`),
  KEY `Product_ID` (`Product_ID`),
  KEY `Banker_ID` (`Banker_ID`),
  CONSTRAINT `account_ibfk_1` FOREIGN KEY (`Product_ID`) REFERENCES `Product` (`ID`),
  CONSTRAINT `account_ibfk_2` FOREIGN KEY (`Banker_ID`) REFERENCES `banker` (`ID`)
) ENGINE=InnoDB DEFAULT CHARSET=utf8mb4 COLLATE=utf8mb4_0900_ai_ci;
/*!40101 SET character_set_client = @saved_cs_client */;

--
-- Dumping data for table `account`
--

LOCK TABLES `account` WRITE;
/*!40000 ALTER TABLE `account` DISABLE KEYS */;
INSERT INTO `account` VALUES (1,'c633',1,1,'Open','2021-09-15',NULL,'2022-09-15','2099-12-31',1),(2,'c200',1,1,'Open','2020-10-14',NULL,'2022-09-15','2099-12-31',1),(3,'c467',1,1,'Open','2021-08-16',NULL,'2022-09-15','2099-12-31',1),(4,'CL260-0',2,1,'Open','2020-11-13',NULL,'2022-09-15','2099-12-31',1),(5,'CR260-1',3,1,'Open','2021-07-17',NULL,'2022-09-15','2099-12-31',1),(6,'S501',4,2,'Open','2020-12-12',NULL,'2022-09-15','2099-12-31',1),(7,'S942',4,2,'Open','2022-06-18',NULL,'2022-09-15','2099-12-31',1),(8,'C766',1,3,'Closed','2019-01-11','2022-09-15','2022-09-15','2099-12-31',1),(9,'C810',1,3,'Open','2021-05-19',NULL,'2022-09-15','2099-12-31',1),(10,'C782',1,3,'Open','2023-02-10',NULL,'2022-09-15','2099-12-31',1),(11,'C922',1,3,'Closed','2020-04-20','2022-09-15','2022-09-15','2099-12-31',1),(12,'C1881',1,3,'Open','2022-03-09',NULL,'2022-09-15','2099-12-31',1),(13,'CD343',5,3,'Open','2019-03-21',NULL,'2022-09-15','2099-12-31',1),(14,'S922',6,3,'Closed','2021-04-08','2023-09-15','2023-09-15','2099-12-31',1),(15,'SF958',7,3,'Open','2023-02-22',NULL,'2022-09-15','2099-12-31',1),(16,'S365',6,4,'Open','2020-05-07',NULL,'2022-09-15','2099-12-31',1),(17,'C267',1,4,'Open','2022-01-23',NULL,'2022-09-15','2099-12-31',1),(18,'SF876',7,4,'Open','2019-06-06',NULL,'2022-09-15','2099-12-31',1),(19,'PL0236-26',8,4,'Open','2021-12-24',NULL,'2022-09-15','2099-12-31',1),(20,'PL0236-18',9,4,'Open','2023-07-05',NULL,'2022-09-15','2099-12-31',1),(21,'C679',1,2,'Open','2020-11-25',NULL,'2022-09-15','2099-12-31',1),(22,'SF503',7,2,'Open','2022-08-04',NULL,'2022-09-15','2099-12-31',1),(23,'OD503',10,2,'Closed','2019-10-26','2021-09-15','2021-09-15','2099-12-31',1),(24,'C247',1,2,'Open','2021-09-03',NULL,'2022-09-15','2099-12-31',1),(25,'S365',7,2,'Open','2023-09-27',NULL,'2022-09-15','2099-12-31',1),(26,'C199',1,2,'Open','2020-10-02',NULL,'2022-09-15','2099-12-31',1),(27,'C248',1,3,'Open','2022-08-28',NULL,'2022-09-15','2099-12-31',1),(28,'S369',4,3,'Closed','2019-11-01','2020-01-19','2020-01-19','2099-12-31',1);
/*!40000 ALTER TABLE `account` ENABLE KEYS */;
UNLOCK TABLES;

--
-- Table structure for table `address`
--

DROP TABLE IF EXISTS `address`;
/*!40101 SET @saved_cs_client     = @@character_set_client */;
/*!50503 SET character_set_client = utf8mb4 */;
CREATE TABLE `address` (
  `ID` int NOT NULL,
  `Address` varchar(128) DEFAULT NULL,
  `City` varchar(128) DEFAULT NULL,
  `State` varchar(128) DEFAULT NULL,
  `Zip` varchar(128) DEFAULT NULL,
  `Start_Dt` date NOT NULL,
  `End_Dt` date NOT NULL,
  `Is_Current` int NOT NULL,
  PRIMARY KEY (`ID`)
) ENGINE=InnoDB DEFAULT CHARSET=utf8mb4 COLLATE=utf8mb4_0900_ai_ci;
/*!40101 SET character_set_client = @saved_cs_client */;

--
-- Dumping data for table `address`
--

LOCK TABLES `address` WRITE;
/*!40000 ALTER TABLE `address` DISABLE KEYS */;
INSERT INTO `address` VALUES (1,'1 Friar Drive','San Diego','CA','92104','2022-09-15','2099-12-31',1),(2,'1405 Park Way','San Diego','CA','92182','2022-09-15','2099-12-31',1),(3,'1023 Arcadia Blvd','La Jolla','CA','92037','1985-06-15','2099-12-31',1),(4,'96 Royal Ark Drive','La Mesa','CA','91942','1999-05-04','2099-12-31',1),(5,'941 Duck Court','Las Angeles','CA','90002','2023-08-06','2099-12-31',1),(6,'234 Planetary Drive','Rancho Santa Fe','CA','92067','2021-02-09','2099-12-31',1),(7,'458 Astro Turf St','San Diego','CA','92106','1999-05-04','2099-12-31',1),(8,'1807 Armada Drive','Carlsbad','CA','92008','2005-04-21','2099-12-31',1),(9,'201 Rollins Ave','Rockville','MD','20852','2005-04-21','2099-12-31',1),(10,'101 Market St','San Francisco','CA','94105','2005-04-21','2099-12-31',1);
/*!40000 ALTER TABLE `address` ENABLE KEYS */;
UNLOCK TABLES;

--
-- Table structure for table `balance`
--

DROP TABLE IF EXISTS `balance`;
/*!40101 SET @saved_cs_client     = @@character_set_client */;
/*!50503 SET character_set_client = utf8mb4 */;
CREATE TABLE `balance` (
  `ID` int NOT NULL,
  `Account_ID` int NOT NULL,
  `Balance` double NOT NULL,
  `Balance_Dt_Id` int NOT NULL,
  PRIMARY KEY (`ID`),
  KEY `Account_ID` (`Account_ID`),
  KEY `Balance_Dt_Id` (`Balance_Dt_Id`),
  CONSTRAINT `balance_ibfk_1` FOREIGN KEY (`Account_ID`) REFERENCES `account` (`ID`),
  CONSTRAINT `balance_ibfk_2` FOREIGN KEY (`Balance_Dt_Id`) REFERENCES `date` (`ID`)
) ENGINE=InnoDB DEFAULT CHARSET=utf8mb4 COLLATE=utf8mb4_0900_ai_ci;
/*!40101 SET character_set_client = @saved_cs_client */;

--
-- Dumping data for table `balance`
--

LOCK TABLES `balance` WRITE;
/*!40000 ALTER TABLE `balance` DISABLE KEYS */;
INSERT INTO `balance` VALUES (1,1,26.474795689478412,1),(2,2,464.97738659625236,1),(3,3,1880.504638946845,1),(4,4,1599.6550349257477,1),(5,5,1182.1192168143189,1),(6,6,875.578458587812,1),(7,7,3048.909458241723,1),(8,8,0,1),(9,9,189.2787089182457,1),(10,10,2264.491238567462,1),(11,11,0,1),(12,12,1775.0815273440858,1),(13,13,7583.868610576654,1),(14,14,0,1),(15,15,11483.760917853999,1),(16,16,4092.880746222221,1),(17,17,14690.192853940676,1),(18,18,4714.383787743317,1),(19,19,9524.459707105603,1),(20,20,5286.390802888378,1),(21,21,10452.620219081087,1),(22,22,692.7861944323474,1),(23,23,0,1),(24,24,4682.82543741296,1),(25,16,10063.711417019927,1),(26,26,5985.759885773616,1),(27,27,16626.10989212306,1),(28,28,0,1),(29,1,25.15105590500449,2),(30,2,488.226255926065,2),(31,3,1786.4794069995028,2),(32,4,1519.6722831794602,2),(33,5,1123.0132559736028,2),(34,6,831.7995356584213,2),(35,7,2896.4639853296367,2),(36,8,0,2),(37,9,179.81477347233343,2),(38,10,2377.715800495835,2),(39,11,0,2),(40,12,1686.3274509768814,2),(41,13,7204.6751800478205,2),(42,14,0,2),(43,15,10909.572871961298,2),(44,16,3888.23670891111,2),(45,17,13955.683211243642,2),(46,18,4478.664598356151,2),(47,19,9048.236721750323,2),(48,20,5022.071262743959,2),(49,21,9929.989208127032,2),(50,22,658.14688471073,2),(51,23,0,2),(52,24,4448.684165542312,2),(53,16,9560.52584616893,2),(54,26,5686.4718914849345,2),(55,27,15794.804397516906,2),(56,28,0,2),(57,1,23.893503109754263,3),(58,2,463.81494312976173,3),(59,3,1697.1554366495275,3),(60,4,1443.6886690204872,3),(61,5,1066.8625931749225,3),(62,6,790.2095588755002,3),(63,7,2751.640786063155,3),(64,8,0,3),(65,9,170.82403479871675,3),(66,10,2258.8300104710434,3),(67,11,0,3),(68,12,1602.0110784280373,3),(69,13,6844.441421045429,3),(70,14,0,3),(71,15,10364.094228363232,3),(72,16,3693.824873465554,3),(73,17,13257.899050681459,3),(74,18,4254.731368438343,3),(75,19,8595.824885662807,3),(76,20,4770.967699606761,3),(77,21,9433.48974772068,3),(78,22,625.2395404751934,3),(79,23,0,3),(80,24,4226.249957265197,3),(81,16,9082.499553860484,3),(82,26,5402.148296910687,3),(83,27,15005.06417764106,3),(84,28,0,3),(85,1,22.698827954266548,4),(86,2,440.62419597327363,4),(87,3,1612.297664817051,4),(88,4,1371.5042355694627,4),(89,5,1013.5194635161763,4),(90,6,829.7200368192753,4),(91,7,2614.058746759997,4),(92,8,0,4),(93,9,162.2828330587809,4),(94,10,2145.888509947491,4),(95,11,0,4),(96,12,1521.9105245066353,4),(97,13,6502.219349993157,4),(98,14,0,4),(99,15,9845.88951694507,4),(100,16,3509.133629792276,4),(101,17,12595.004098147385,4),(102,18,4041.994800016426,4),(103,19,8166.033641379666,4),(104,20,5009.5160845871,4),(105,21,9905.164235106715,4),(106,22,593.9775634514338,4),(107,23,0,4),(108,24,4014.937459401937,4),(109,16,8628.374576167458,4),(110,26,5132.040882065153,4),(111,27,14254.810968759006,4),(112,28,0,4),(113,1,21.56388655655322,5),(114,2,418.5929861746099,5),(115,3,1531.6827815761985,5),(116,4,1302.9290237909895,5),(117,5,962.8434903403675,5),(118,6,788.2340349783115,5),(119,7,2483.355809421997,5),(120,8,0,5),(121,9,154.16869140584186,5),(122,10,2038.5940844501163,5),(123,11,0,5),(124,12,1445.8149982813034,5),(125,13,6177.108382493499,5),(126,14,0,5),(127,15,10338.183992792323,5),(128,16,3333.6769483026624,5),(129,17,11965.253893240015,5),(130,18,4244.094540017248,5),(131,19,7757.731959310682,5),(132,20,4759.040280357744,5),(133,21,9409.90602335138,5),(134,22,564.278685278862,5),(135,23,0,5),(136,24,3814.1905864318396,5),(137,16,8196.955847359084,5),(138,26,4875.438837961895,5),(139,27,13542.070420321055,5),(140,28,0,5),(141,1,20.485692228725558,6),(142,2,397.6633368658794,6),(143,3,1455.0986424973885,6),(144,4,1237.78257260144,6),(145,5,914.7013158233491,6),(146,6,748.8223332293959,6),(147,7,2359.188018950897,6),(148,8,0,6),(149,9,146.46025683554976,6),(150,10,1936.6643802276103,6),(151,11,0,6),(152,12,1373.5242483672382,6),(153,13,5868.252963368825,6),(154,14,0,6),(155,15,9821.274793152706,6),(156,16,3166.993100887529,6),(157,17,11366.991198578013,6),(158,18,4031.8898130163852,6),(159,19,8145.618557276217,6),(160,20,4521.088266339857,6),(161,21,8939.41072218381,6),(162,22,536.0647510149189,6),(163,23,0,6),(164,24,3623.4810571102475,6),(165,16,7787.108054991129,6),(166,26,4631.6668960638,6),(167,27,12864.966899305002,6),(168,28,0,6),(169,1,19.46140761728928,7),(170,2,377.7801700225854,7),(171,3,1382.343710372519,7),(172,4,1175.893443971368,7),(173,5,868.9662500321816,7),(174,6,711.3812165679261,7),(175,7,2241.228618003352,7),(176,8,0,7),(177,9,139.13724399377227,7),(178,10,2033.497599238991,7),(179,11,0,7),(180,12,1304.8480359488763,7),(181,13,5574.840315200383,7),(182,14,0,7),(183,15,9330.211053495072,7),(184,16,3008.6434458431527,7),(185,17,10798.641638649111,7),(186,18,3830.295322365566,7),(187,19,7738.3376294124055,7),(188,20,4295.033853022864,7),(189,21,8492.440186074618,7),(190,22,509.26151346417294,7),(191,23,0,7),(192,24,3442.307004254735,7),(193,16,7397.752652241573,7),(194,26,4400.08355126061,7),(195,27,12221.718554339752,7),(196,28,0,7),(197,1,18.488337236424815,8),(198,2,358.8911615214561,8),(199,3,1451.460895891145,8),(200,4,1117.0987717727996,8),(201,5,825.5179375305725,8),(202,6,675.8121557395298,8),(203,7,2129.1671871031845,8),(204,8,0,8),(205,9,132.18038179408364,8),(206,10,1931.8227192770412,8),(207,11,0,8),(208,12,1239.6056341514325,8),(209,13,5853.582330960402,8),(210,14,0,8),(211,15,8863.700500820318,8),(212,16,2858.211273550995,8),(213,17,10258.709556716654,8),(214,18,3638.780556247287,8),(215,19,7351.420747941785,8),(216,20,4509.785545674007,8),(217,21,8067.8181767708875,8),(218,22,534.7245891373816,8),(219,23,0,8),(220,24,3270.1916540419984,8),(221,16,7027.865019629494,8),(222,26,4180.079373697579,8),(223,27,11610.632626622764,8),(224,28,0,8),(225,1,17.563920374603573,9),(226,2,340.9466034453833,9),(227,3,1378.8878510965876,9),(228,4,1061.2438331841597,9),(229,5,784.2420406540438,9),(230,6,642.0215479525533,9),(231,7,2022.7088277480252,9),(232,8,0,9),(233,9,125.57136270437945,9),(234,10,1835.231583313189,9),(235,11,0,9),(236,12,1177.6253524438607,9),(237,13,5560.903214412382,9),(238,14,0,9),(239,15,8420.5154757793,9),(240,16,2715.300709873445,9),(241,17,9745.77407888082,9),(242,18,3456.8415284349226,9),(243,19,6983.849710544695,9),(244,20,4284.296268390307,9),(245,21,7664.427267932343,9),(246,22,507.9883596805125,9),(247,23,0,9),(248,24,3106.6820713398984,9),(249,16,6676.471768648019,9),(250,26,3971.0754050127002,9),(251,27,11030.100995291625,9),(252,28,0,9),(253,1,16.685724355873393,10),(254,2,323.8992732731141,10),(255,3,1309.9434585417582,10),(256,4,1008.1816415249517,10),(257,5,745.0299386213416,10),(258,6,609.9204705549256,10),(259,7,1921.5733863606238,10),(260,8,0,10),(261,9,119.29279456916048,10),(262,10,1743.4700041475296,10),(263,11,0,10),(264,12,1118.7440848216677,10),(265,13,5282.8580536917625,10),(266,14,0,10),(267,15,7999.489701990336,10),(268,16,2579.535674379773,10),(269,17,9258.48537493678,10),(270,18,3283.9994520131763,10),(271,19,6634.6572250174595,10),(272,20,4070.0814549707916,10),(273,21,7281.2059045357255,10),(274,22,482.5889416964868,10),(275,23,0,10),(276,24,2951.3479677729033,10),(277,16,6342.648180215618,10),(278,26,4169.629175263335,10),(279,27,10478.595945527042,10),(280,28,0,10),(281,1,15.851438138079724,11),(282,2,307.7043096094584,11),(283,3,1244.4462856146702,11),(284,4,957.7725594487041,11),(285,5,707.7784416902745,11),(286,6,579.4244470271793,11),(287,7,1825.4947170425926,11),(288,8,0,11),(289,9,113.32815484070245,11),(290,10,1656.2965039401531,11),(291,11,0,11),(292,12,1174.6812890627511,11),(293,13,5018.715151007174,11),(294,14,0,11),(295,15,7599.515216890818,11),(296,16,2450.558890660784,11),(297,17,8795.56110618994,11),(298,18,3119.7994794125175,11),(299,19,6302.924363766586,11),(300,20,3866.577382222252,11),(301,21,7645.266199762512,11),(302,22,458.4594946116625,11),(303,23,0,11),(304,24,2803.780569384258,11),(305,16,6025.515771204837,11),(306,26,3961.1477165001684,11),(307,27,9954.66614825069,11),(308,28,0,11),(309,1,15.058866231175736,12),(310,2,292.31909412898545,12),(311,3,1182.2239713339366,12),(312,4,909.8839314762688,12),(313,5,672.3895196057607,12),(314,6,550.4532246758204,12),(315,7,1734.219981190463,12),(316,8,0,12),(317,9,107.66174709866732,12),(318,10,1573.4816787431455,12),(319,11,0,12),(320,12,1115.9472246096136,12),(321,13,4767.779393456815,12),(322,14,0,12),(323,15,7219.539456046276,12),(324,16,2328.0309461277448,12),(325,17,8355.783050880442,12),(326,18,2963.8095054418914,12),(327,19,5987.778145578256,12),(328,20,3673.248513111139,12),(329,21,7263.002889774386,12),(330,22,435.53651988107936,12),(331,23,0,12),(332,24,2663.591540915045,12),(333,16,5724.239982644594,12),(334,26,3763.0903306751597,12),(335,27,9456.932840838155,12),(336,28,0,12),(337,1,15.811809542734524,13),(338,2,277.7031394225362,13),(339,3,1123.1127727672397,13),(340,4,864.3897349024553,13),(341,5,638.7700436254727,13),(342,6,522.9305634420293,13),(343,7,1647.5089821309398,13),(344,8,0,13),(345,9,102.27865974373395,13),(346,10,1494.8075948059882,13),(347,11,0,13),(348,12,1060.149863379133,13),(349,13,4529.390423783974,13),(350,14,0,13),(351,15,6858.562483243963,13),(352,16,2211.6293988213574,13),(353,17,7937.993898336419,13),(354,18,2815.6190301697966,13),(355,19,5688.389238299343,13),(356,20,3489.586087455582,13),(357,21,6899.852745285666,13),(358,22,413.7596938870254,13),(359,23,0,13),(360,24,2530.4119638692923,13),(361,16,5438.027983512365,13),(362,26,3574.935814141402,13),(363,27,8984.086198796247,13),(364,28,0,13),(365,1,15.021219065597798,14),(366,2,263.81798245140936,14),(367,3,1066.9571341288777,14),(368,4,821.1702481573325,14),(369,5,606.831541444199,14),(370,6,496.7840352699278,14),(371,7,1565.1335330243928,14),(372,8,0,14),(373,9,97.16472675654725,14),(374,10,1420.0672150656887,14),(375,11,0,14),(376,12,1007.1423702101763,14),(377,13,4302.920902594776,14),(378,14,0,14),(379,15,6515.634359081764,14),(380,16,2101.0479288802894,14),(381,17,7541.094203419598,14),(382,18,2674.8380786613066,14),(383,19,5403.969776384375,14),(384,20,3315.106783082803,14),(385,21,6554.860108021382,14),(386,22,393.07170919267406,14),(387,23,0,14),(388,24,2403.8913656758277,14),(389,16,5166.126584336746,14),(390,26,3396.1890234343314,14),(391,27,8534.881888856435,14),(392,28,0,14),(393,1,14.270158112317906,15),(394,2,250.6270833288389,15),(395,3,1013.6092774224337,15),(396,4,780.1117357494658,15),(397,5,576.4899643719891,15),(398,6,471.9448335064314,15),(399,7,1486.876856373173,15),(400,8,0,15),(401,9,92.30649041871989,15),(402,10,1349.0638543124041,15),(403,11,0,15),(404,12,956.7852516996675,15),(405,13,4087.774857465037,15),(406,14,0,15),(407,15,6189.852641127675,15),(408,16,1995.9955324362747,15),(409,17,7164.039493248618,15),(410,18,2541.0961747282413,15),(411,19,5133.771287565156,15),(412,20,3149.351443928663,15),(413,21,6227.117102620313,15),(414,22,373.4181237330403,15),(415,23,0,15),(416,24,2283.6967973920364,15),(417,16,4907.820255119909,15),(418,26,3226.3795722626146,15),(419,27,8108.137794413613,15),(420,28,0,15),(421,1,13.55665020670201,16),(422,2,238.09572916239694,16),(423,3,962.928813551312,16),(424,4,741.1061489619924,16),(425,5,547.6654661533896,16),(426,6,448.3475918311098,16),(427,7,1412.5330135545144,16),(428,8,0,16),(429,9,87.69116589778389,16),(430,10,1281.610661596784,16),(431,11,0,16),(432,12,908.945989114684,16),(433,13,3883.386114591785,16),(434,14,0,16),(435,15,5880.360009071292,16),(436,16,1896.1957558144609,16),(437,17,7522.241467911049,16),(438,18,2414.041365991829,16),(439,19,4877.082723186898,16),(440,20,2991.8838717322296,16),(441,21,5915.761247489297,16),(442,22,354.7472175463883,16),(443,23,0,16),(444,24,2169.5119575224344,16),(445,16,4662.4292423639135,16),(446,26,3065.0605936494835,16),(447,27,7702.730904692932,16),(448,28,0,16),(449,1,12.878817696366909,17),(450,2,226.1909427042771,17),(451,3,914.7823728737463,17),(452,4,704.0508415138928,17),(453,5,520.2821928457201,17),(454,6,425.9302122395543,17),(455,7,1341.9063628767885,17),(456,8,0,17),(457,9,83.30660760289469,17),(458,10,1217.5301285169446,17),(459,11,0,17),(460,12,863.4986896589498,17),(461,13,3689.2168088621956,17),(462,14,0,17),(463,15,6174.378009524857,17),(464,16,1801.3859680237379,17),(465,17,7146.129394515496,17),(466,18,2293.3392976922373,17),(467,19,4633.228587027553,17),(468,20,2842.289678145618,17),(469,21,5619.973185114832,17),(470,22,337.0098566690689,17),(471,23,0,17),(472,24,2061.0363596463126,17),(473,16,4429.307780245717,17),(474,26,2911.807563967009,17),(475,27,7317.594359458285,17),(476,28,0,17),(477,1,12.234876811548563,18),(478,2,214.88139556906322,18),(479,3,869.043254230059,18),(480,4,739.2533835895874,18),(481,5,494.2680832034341,18),(482,6,404.63370162757656,18),(483,7,1274.811044732949,18),(484,8,0,18),(485,9,79.14127722274995,18),(486,10,1156.6536220910973,18),(487,11,0,18),(488,12,820.3237551760024,18),(489,13,3504.7559684190855,18),(490,14,0,18),(491,15,5865.659109048614,18),(492,16,1711.316669622551,18),(493,17,6788.822924789721,18),(494,18,2178.6723328076255,18),(495,19,4401.567157676175,18),(496,20,2700.175194238337,18),(497,21,5900.971844370573,18),(498,22,320.1593638356154,18),(499,23,0,18),(500,24,1957.9845416639969,18),(501,16,4207.842391233431,18),(502,26,2766.2171857686585,18),(503,27,6951.7146414853705,18),(504,28,0,18),(505,1,11.623132970971135,19),(506,2,204.13732579061005,19),(507,3,825.591091518556,19),(508,4,702.2907144101081,19),(509,5,469.5546790432624,19),(510,6,384.40201654619773,19),(511,7,1338.5515969695966,19),(512,8,0,19),(513,9,75.18421336161245,19),(514,10,1098.8209409865424,19),(515,11,0,19),(516,12,779.3075674172022,19),(517,13,3679.99376684004,19),(518,14,0,19),(519,15,5572.376153596183,19),(520,16,1625.7508361414234,19),(521,17,6449.381778550234,19),(522,18,2069.738716167244,19),(523,19,4181.488799792366,19),(524,20,2565.1664345264203,19),(525,21,5605.923252152044,19),(526,22,304.15139564383463,19),(527,23,0,19),(528,24,1860.0853145807969,19),(529,16,3997.4502716717593,19),(530,26,2627.9063264802253,19),(531,27,6604.128909411102,19),(532,28,0,19),(533,1,11.041976322422578,20),(534,2,193.93045950107953,20),(535,3,784.3115369426282,20),(536,4,667.1761786896027,20),(537,5,446.0769450910993,20),(538,6,365.1819157188878,20),(539,7,1271.6240171211168,20),(540,8,0,20),(541,9,71.42500269353182,20),(542,10,1043.8798939372152,20),(543,11,0,20),(544,12,740.3421890463421,20),(545,13,3495.9940784980377,20),(546,14,0,20),(547,15,5293.757345916373,20),(548,16,1544.4632943343522,20),(549,17,6126.912689622723,20),(550,18,1966.251780358882,20),(551,19,4390.5632397819845,20),(552,20,2693.4247562527416,20),(553,21,5325.627089544442,20),(554,22,288.9438258616429,20),(555,23,0,20),(556,24,1767.081048851757,20),(557,16,3797.5777580881713,20),(558,26,2496.511010156214,20),(559,27,6273.922463940547,20),(560,28,0,20),(561,1,10.489877506301449,21),(562,2,184.23393652602553,21),(563,3,745.0959600954967,21),(564,4,633.8173697551225,21),(565,5,423.7730978365443,21),(566,6,346.9228199329434,21),(567,7,1208.042816265061,21),(568,8,0,21),(569,9,67.85375255885523,21),(570,10,991.6858992403544,21),(571,11,0,21),(572,12,703.3250795940249,21),(573,13,3321.1943745731355,21),(574,14,0,21),(575,15,5029.069478620554,21),(576,16,1467.2401296176345,21),(577,17,5820.567055141586,21),(578,18,1867.9391913409377,21),(579,19,4171.035077792885,21),(580,20,2558.7535184401045,21),(581,21,5591.908444021665,21),(582,22,274.49663456856075,21),(583,23,0,21),(584,24,1678.726996409169,21),(585,16,3607.6988701837627,21),(586,26,2371.685459648403,21),(587,27,5960.226340743519,21),(588,28,0,21),(589,1,9.965383630986375,22),(590,2,175.02223969972425,22),(591,3,707.8411620907218,22),(592,4,665.5082382428786,22),(593,5,402.58444294471707,22),(594,6,329.5766789362962,22),(595,7,1147.640675451808,22),(596,8,0,22),(597,9,64.46106493091247,22),(598,10,942.1016042783366,22),(599,11,0,22),(600,12,668.1588256143236,22),(601,13,3155.1346558444784,22),(602,14,0,22),(603,15,5280.5229525515815,22),(604,16,1393.8781231367527,22),(605,17,5529.538702384507,22),(606,18,1774.5422317738908,22),(607,19,3962.483323903241,22),(608,20,2430.815842518099,22),(609,21,5312.3130218205815,22),(610,22,260.7718028401327,22),(611,23,0,22),(612,24,1594.7906465887106,22),(613,16,3427.3139266745743,22),(614,26,2490.2697326308235,22),(615,27,5662.215023706343,22),(616,28,0,22),(617,1,9.467114449437057,23),(618,2,166.27112771473804,23),(619,3,743.2332201952579,23),(620,4,632.2328263307347,23),(621,5,382.4552207974812,23),(622,6,313.0978449894814,23),(623,7,1090.2586416792176,23),(624,8,0,23),(625,9,61.238011684366846,23),(626,10,894.9965240644198,23),(627,11,0,23),(628,12,634.7508843336075,23),(629,13,3312.8913886367027,23),(630,14,0,23),(631,15,5016.496804924002,23),(632,16,1324.184216979915,23),(633,17,5253.061767265282,23),(634,18,1685.815120185196,23),(635,19,4160.607490098403,23),(636,20,2309.275050392194,23),(637,21,5046.697370729552,23),(638,22,247.73321269812604,23),(639,23,0,23),(640,24,1515.051114259275,23),(641,16,3255.9482303408454,23),(642,26,2365.7562459992823,23),(643,27,5379.104272521026,23),(644,28,0,23),(645,1,8.993758726965204,24),(646,2,174.58468410047496,24),(647,3,706.071559185495,24),(648,4,600.621185014198,24),(649,5,363.3324597576071,24),(650,6,297.44295274000734,24),(651,7,1035.7457095952566,24),(652,8,0,24),(653,9,58.1761111001485,24),(654,10,939.7463502676408,24),(655,11,0,24),(656,12,603.0133401169271,24),(657,13,3147.2468192048673,24),(658,14,0,24),(659,15,4765.671964677802,24),(660,16,1257.9750061309192,24),(661,17,4990.4086789020175,24),(662,18,1601.5243641759362,24),(663,19,3952.5771155934826,24),(664,20,2193.811297872584,24),(665,21,4794.362502193074,24),(666,22,235.34655206321972,24),(667,23,0,24),(668,24,1590.8036699722388,24),(669,16,3093.150818823803,24),(670,26,2247.468433699318,24),(671,27,5648.059486147078,24),(672,28,0,24),(673,1,8.544070790616944,25),(674,2,165.85544989545122,25),(675,3,670.7679812262202,25),(676,4,570.590125763488,25),(677,5,345.16583676972675,25),(678,6,282.570805103007,25),(679,7,983.9584241154937,25),(680,8,0,25),(681,9,55.26730554514108,25),(682,10,892.7590327542587,25),(683,11,0,25),(684,12,572.8626731110808,25),(685,13,2989.8844782446236,25),(686,14,0,25),(687,15,4527.388366443912,25),(688,16,1195.0762558243732,25),(689,17,4740.888244956916,25),(690,18,1521.4481459671392,25),(691,19,3754.9482598138084,25),(692,20,2084.1207329789545,25),(693,21,4554.64437708342,25),(694,22,223.57922446005873,25),(695,23,0,25),(696,24,1511.2634864736267,25),(697,16,2938.493277882613,25),(698,26,2135.095012014352,25),(699,27,5365.656511839724,25),(700,28,0,25),(701,1,8.971274330147791,26),(702,2,157.56267740067864,26),(703,3,637.2295821649092,26),(704,4,542.0606194753136,26),(705,5,362.4241286082131,26),(706,6,268.4422648478566,26),(707,7,934.760502909719,26),(708,8,0,26),(709,9,52.50394026788402,26),(710,10,848.1210811165457,26),(711,11,0,26),(712,12,544.2195394555267,26),(713,13,2840.390254332392,26),(714,14,0,26),(715,15,4301.018948121716,26),(716,16,1135.3224430331545,26),(717,17,4503.843832709071,26),(718,18,1445.375738668782,26),(719,19,3942.695672804499,26),(720,20,1979.9146963300066,26),(721,21,4326.912158229249,26),(722,22,234.75818568306167,26),(723,23,0,26),(724,24,1435.7003121499454,26),(725,16,2791.568613988482,26),(726,26,2028.3402614136344,26),(727,27,5097.373686247737,26),(728,28,0,26),(729,1,8.5227106136404,27),(730,2,149.6845435306447,27),(731,3,605.3681030566637,27),(732,4,514.9575885015479,27),(733,5,344.30292217780243,27),(734,6,255.02015160546378,27),(735,7,888.022477764233,27),(736,8,0,27),(737,9,49.87874325448981,27),(738,10,805.7150270607184,27),(739,11,0,27),(740,12,517.0085624827503,27),(741,13,2698.370741615772,27),(742,14,0,27),(743,15,4085.96800071563,27),(744,16,1078.5563208814967,27),(745,17,4278.651641073617,27),(746,18,1373.106951735343,27),(747,19,3745.5608891642737,27),(748,20,1880.9189615135062,27),(749,21,4110.566550317786,27),(750,22,223.02027639890858,27),(751,23,0,27),(752,24,1363.915296542448,27),(753,16,2651.9901832890578,27),(754,26,1926.9232483429525,27),(755,27,4842.50500193535,27),(756,28,0,27),(757,1,8.096575082958381,28),(758,2,142.20031635411246,28),(759,3,575.0996979038305,28),(760,4,489.20970907647046,28),(761,5,327.0877760689123,28),(762,6,242.26914402519057,28),(763,7,843.6213538760213,28),(764,8,0,28),(765,9,47.38480609176532,28),(766,10,765.4292757076825,28),(767,11,0,28),(768,12,491.1581343586128,28),(769,13,2563.4522045349836,28),(770,14,0,28),(771,15,3881.6696006798484,28),(772,16,1132.4841369255716,28),(773,17,4064.7190590199357,28),(774,18,1304.4516041485758,28),(775,19,3558.2828447060597,28),(776,20,1786.8730134378309,28),(777,21,3905.0382228018966,28),(778,22,211.86926257896314,28),(779,23,0,28),(780,24,1295.7195317153255,28),(781,16,2519.3906741246046,28),(782,26,1830.5770859258048,28),(783,27,4600.379751838583,28),(784,28,0,28),(785,1,7.691746328810462,29),(786,2,135.09030053640683,29),(787,3,546.3447130086389,29),(788,4,464.7492236226469,29),(789,5,310.73338726546666,29),(790,6,230.15568682393103,29),(791,7,801.4402861822202,29),(792,8,0,29),(793,9,45.01556578717705,29),(794,10,727.1578119222983,29),(795,11,0,29),(796,12,466.60022764068214,29),(797,13,2435.279594308234,29),(798,14,0,29),(799,15,3687.5861206458558,29),(800,16,1075.859930079293,29),(801,17,4267.955011970933,29),(802,18,1239.229023941147,29),(803,19,3380.3687024707565,29),(804,20,1697.5293627659394,29),(805,21,3709.7863116618014,29),(806,22,201.27579945001497,29),(807,23,0,29),(808,24,1360.5055083010918,29),(809,16,2393.4211404183743,29),(810,26,1739.0482316295145,29),(811,27,4370.360764246653,29),(812,28,0,29),(813,1,7.307159012369938,30),(814,2,141.84481556322717,30),(815,3,519.027477358207,30),(816,4,441.5117624415146,30),(817,5,295.1967179021933,30),(818,6,218.64790248273448,30),(819,7,761.3682718731092,30),(820,8,0,30),(821,9,42.7647874978182,30),(822,10,690.7999213261833,30),(823,11,0,30),(824,12,443.270216258648,30),(825,13,2313.515614592822,30),(826,14,0,30),(827,15,3503.206814613563,30),(828,16,1022.0669335753283,30),(829,17,4054.557261372386,30),(830,18,1177.2675727440896,30),(831,19,3211.3502673472185,30),(832,20,1612.6528946276424,30),(833,21,3524.2969960787113,30),(834,22,191.21200947751421,30),(835,23,0,30),(836,24,1292.4802328860371,30),(837,16,2273.7500833974555,30),(838,26,1652.0958200480386,30),(839,27,4151.842726034321,30),(840,28,0,30),(841,1,6.941801061751441,31),(842,2,134.7525747850658,31),(843,3,493.0761034902966,31),(844,4,419.4361743194388,31),(845,5,280.4368820070836,31),(846,6,229.58029760687123,31),(847,7,723.2998582794537,31),(848,8,0,31),(849,9,40.62654812292728,31),(850,10,656.2599252598741,31),(851,11,0,31),(852,12,421.1067054457156,31),(853,13,2197.839833863181,31),(854,14,0,31),(855,15,3328.0464738828846,31),(856,16,970.9635868965619,31),(857,17,3851.8293983037665,31),(858,18,1118.4041941068851,31),(859,19,3050.7827539798573,31),(860,20,1532.02024989626,31),(861,21,3348.082146274776,31),(862,22,181.6514090036385,31),(863,23,0,31),(864,24,1227.8562212417353,31),(865,16,2160.062579227583,31),(866,26,1569.4910290456367,31),(867,27,3944.250589732604,31),(868,28,0,31),(869,1,7.288891114839013,32),(870,2,128.0149460458125,32),(871,3,468.42229831578175,32),(872,4,398.46436560346683,32),(873,5,266.4150379067294,32),(874,6,218.10128272652764,32),(875,7,687.134865365481,32),(876,8,0,32),(877,9,38.595220716780915,32),(878,10,689.0729215228678,32),(879,11,0,32),(880,12,400.0513701734298,32),(881,13,2087.947842170022,32),(882,14,0,32),(883,15,3494.448797577029,32),(884,16,922.4154075517338,32),(885,17,3659.237928388578,32),(886,18,1062.4839844015407,32),(887,19,2898.2436162808644,32),(888,20,1455.419237401447,32),(889,21,3180.6780389610367,32),(890,22,172.56883855345657,32),(891,23,0,32),(892,24,1166.4634101796485,32),(893,16,2052.0594502662034,32),(894,26,1491.0164775933547,32),(895,27,3747.0380602459736,32),(896,28,0,32),(897,1,6.9244465590970625,33),(898,2,121.61419874352188,33),(899,3,445.0011833999926,33),(900,4,378.54114732329344,33),(901,5,253.09428601139294,33),(902,6,207.19621859020125,33),(903,7,652.778122097207,33),(904,8,0,33),(905,9,36.665459680941865,33),(906,10,654.6192754467244,33),(907,11,0,33),(908,12,380.0488016647583,33),(909,13,1983.5504500615207,33),(910,14,0,33),(911,15,3319.7263576981773,33),(912,16,876.294637174147,33),(913,17,3476.276031969149,33),(914,18,1009.3597851814636,33),(915,19,2753.331435466821,33),(916,20,1382.6482755313746,33),(917,21,3021.6441370129846,33),(918,22,163.94039662578373,33),(919,23,0,33),(920,24,1108.140239670666,33),(921,16,1949.456477752893,33),(922,26,1416.4656537136868,33),(923,27,3559.6861572336747,33),(924,28,0,33),(925,1,7.270668887051916,34),(926,2,127.69490868069798,34),(927,3,422.75112422999297,34),(928,4,359.6140899571288,34),(929,5,240.4395717108233,34),(930,6,196.83640766069118,34),(931,7,685.4170282020673,34),(932,8,0,34),(933,9,34.83218669689477,34),(934,10,621.8883116743881,34),(935,11,0,34),(936,12,361.04636158152033,34),(937,13,1884.3729275584446,34),(938,14,0,34),(939,15,3153.740039813268,34),(940,16,832.4799053154396,34),(941,17,3302.462230370691,34),(942,18,958.8917959223904,34),(943,19,2615.6648636934797,34),(944,20,1313.5158617548059,34),(945,21,2870.561930162335,34),(946,22,155.74337679449454,34),(947,23,0,34),(948,24,1052.7332276871327,34),(949,16,1851.9836538652482,34),(950,26,1345.6423710280023,34),(951,27,3381.7018493719906,34),(952,28,0,34),(953,1,6.90713544269932,35),(954,2,121.31016324666308,35),(955,3,401.6135680184933,35),(956,4,341.63338545927235,35),(957,5,228.4175931252821,35),(958,6,186.99458727765662,35),(959,7,651.1461767919639,35),(960,8,0,35),(961,9,33.090577362050034,35),(962,10,590.7938960906687,35),(963,11,0,35),(964,12,342.9940435024443,35),(965,13,1790.1542811805223,35),(966,14,0,35),(967,15,2996.0530378226044,35),(968,16,790.8559100496676,35),(969,17,3137.3391188521564,35),(970,18,910.9472061262709,35),(971,19,2484.8816205088056,35),(972,20,1247.8400686670655,35),(973,21,3014.090026670452,35),(974,22,147.9562079547698,35),(975,23,0,35),(976,24,1000.0965663027761,35),(977,16,1759.3844711719858,35),(978,26,1278.3602524766022,35),(979,27,3212.616756903391,35),(980,28,0,35),(981,1,6.561778670564354,36),(982,2,115.24465508432992,36),(983,3,381.5328896175686,36),(984,4,324.55171618630874,36),(985,5,216.996713469018,36),(986,6,177.6448579137738,36),(987,7,618.5888679523656,36),(988,8,0,36),(989,9,31.43604849394753,36),(990,10,561.2542012861352,36),(991,11,0,36),(992,12,325.84434132732207,36),(993,13,1700.646567121496,36),(994,14,0,36),(995,15,2846.2503859314743,36),(996,16,751.3131145471842,36),(997,17,2980.4721629095484,36),(998,18,865.3998458199572,36),(999,19,2360.6375394833653,36),(1000,20,1185.4480652337122,36),(1001,21,2863.3855253369293,36),(1002,22,140.5583975570313,36),(1003,23,0,36),(1004,24,1050.1013946179148,36),(1005,16,1671.4152476133863,36),(1006,26,1214.442239852772,36),(1007,27,3051.9859190582215,36),(1008,28,0,36),(1009,1,6.233689737036136,37),(1010,2,109.48242233011342,37),(1011,3,362.4562451366902,37),(1012,4,340.77930199562417,37),(1013,5,206.1468777955671,37),(1014,6,168.76261501808509,37),(1015,7,587.6594245547473,37),(1016,8,0,37),(1017,9,29.864246069250154,37),(1018,10,533.1914912218284,37),(1019,11,0,37),(1020,12,309.55212426095596,37),(1021,13,1615.614238765421,37),(1022,14,0,37),(1023,15,2703.9378666349003,37),(1024,16,713.7474588198249,37),(1025,17,2831.4485547640706,37),(1026,18,822.1298535289593,37),(1027,19,2242.605662509197,37),(1028,20,1126.1756619720265,37),(1029,21,2720.2162490700825,37),(1030,22,133.53047767917974,37),(1031,23,0,37),(1032,24,997.596324887019,37),(1033,16,1587.844485232717,37),(1034,26,1153.7201278601333,37),(1035,27,2899.3866231053103,37),(1036,28,0,37),(1037,1,5.922005250184329,38),(1038,2,104.00830121360775,38),(1039,3,380.57905739352475,38),(1040,4,323.7403368958429,38),(1041,5,195.83953390578873,38),(1042,6,160.32448426718082,38),(1043,7,558.2764533270099,38),(1044,8,0,38),(1045,9,28.371033765787644,38),(1046,10,506.53191666073695,38),(1047,11,0,38),(1048,12,294.07451804790816,38),(1049,13,1696.3949507036923,38),(1050,14,0,38),(1051,15,2568.740973303155,38),(1052,16,678.0600858788337,38),(1053,17,2973.0209825022744,38),(1054,18,781.0233608525112,38),(1055,19,2130.475379383737,38),(1056,20,1182.484445070628,38),(1057,21,2584.2054366165785,38),(1058,22,126.85395379522075,38),(1059,23,0,38),(1060,24,947.716508642668,38),(1061,16,1508.4522609710812,38),(1062,26,1096.0341214671266,38),(1063,27,2754.4172919500447,38),(1064,28,0,38),(1065,1,5.625904987675112,39),(1066,2,98.80788615292735,39),(1067,3,361.5501045238485,39),(1068,4,307.5533200510508,39),(1069,5,186.0475572104993,39),(1070,6,168.34070848053986,39),(1071,7,530.3626306606594,39),(1072,8,0,39),(1073,9,26.95248207749826,39),(1074,10,481.20532082770006,39),(1075,11,0,39),(1076,12,279.3707921455127,39),(1077,13,1611.5752031685076,39),(1078,14,0,39),(1079,15,2440.303924637997,39),(1080,16,644.1570815848919,39),(1081,17,2824.3699333771606,39),(1082,18,741.9721928098857,39),(1083,19,2023.9516104145503,39),(1084,20,1123.3602228170967,39),(1085,21,2454.9951647857492,39),(1086,22,120.51125610545971,39),(1087,23,0,39),(1088,24,900.3306832105346,39),(1089,16,1433.0296479225271,39),(1090,26,1041.2324153937702,39),(1091,27,2616.6964273525423,39),(1092,28,0,39),(1093,1,5.344609738291356,40),(1094,2,93.86749184528098,40),(1095,3,343.4725992976561,40),(1096,4,292.17565404849825,40),(1097,5,195.34993507102428,40),(1098,6,159.92367305651285,40),(1099,7,503.8444991276264,40),(1100,8,0,40),(1101,9,25.604857973623346,40),(1102,10,457.14505478631503,40),(1103,11,0,40),(1104,12,265.40225253823706,40),(1105,13,1530.9964430100822,40),(1106,14,0,40),(1107,15,2318.288728406097,40),(1108,16,611.9492275056473,40),(1109,17,2683.1514367083023,40),(1110,18,704.8735831693914,40),(1111,19,1922.7540298938227,40),(1112,20,1067.1922116762419,40),(1113,21,2332.2454065464617,40),(1114,22,114.48569330018671,40),(1115,23,0,40),(1116,24,855.3141490500078,40),(1117,16,1361.3781655264008,40),(1118,26,989.1707946240816,40),(1119,27,2485.861605984915,40),(1120,28,0,40),(1121,1,5.077379251376788,41),(1122,2,89.17411725301693,41),(1123,3,326.29896933277325,41),(1124,4,277.5668713460733,41),(1125,5,185.58243831747305,41),(1126,6,151.92748940368722,41),(1127,7,478.6522741712451,41),(1128,8,0,41),(1129,9,24.324615074942177,41),(1130,10,434.2878020469993,41),(1131,11,0,41),(1132,12,252.1321399113252,41),(1133,13,1454.446620859578,41),(1134,14,0,41),(1135,15,2202.3742919857923,41),(1136,16,581.3517661303649,41),(1137,17,2548.993864872887,41),(1138,18,669.6299040109218,41),(1139,19,1826.6163283991314,41),(1140,20,1013.8326010924297,41),(1141,21,2215.6331362191386,41),(1142,22,108.76140863517738,41),(1143,23,0,41),(1144,24,812.5484415975073,41),(1145,16,1429.447073802721,41),(1146,26,1038.6293343552857,41),(1147,27,2361.568525685669,41),(1148,28,0,41),(1149,1,4.823510288807949,42),(1150,2,84.71541139036609,42),(1151,3,309.9840208661346,42),(1152,4,263.68852777876964,42),(1153,5,176.30331640159937,42),(1154,6,144.33111493350285,42),(1155,7,502.58488787980735,42),(1156,8,0,42),(1157,9,23.108384321195068,42),(1158,10,412.5734119446493,42),(1159,11,0,42),(1160,12,239.52553291575893,42),(1161,13,1381.724289816599,42),(1162,14,0,42),(1163,15,2092.2555773865024,42),(1164,16,552.2841778238467,42),(1165,17,2421.5441716292426,42),(1166,18,636.1484088103757,42),(1167,19,1735.2855119791748,42),(1168,20,963.1409710378082,42),(1169,21,2104.8514794081816,42),(1170,22,103.3233382034185,42),(1171,23,0,42),(1172,24,771.921019517632,42),(1173,16,1357.974720112585,42),(1174,26,986.6978676375213,42),(1175,27,2243.4900994013856,42),(1176,28,0,42);
/*!40000 ALTER TABLE `balance` ENABLE KEYS */;
UNLOCK TABLES;

--
-- Table structure for table `banker`
--

DROP TABLE IF EXISTS `banker`;
/*!40101 SET @saved_cs_client     = @@character_set_client */;
/*!50503 SET character_set_client = utf8mb4 */;
CREATE TABLE `banker` (
  `ID` int NOT NULL,
  `Name` varchar(128) NOT NULL,
  `FirstName` varchar(128) NOT NULL,
  `LastName` varchar(128) NOT NULL,
  `Start_Dt` date NOT NULL,
  `End_Dt` date NOT NULL,
  `Is_Current` int NOT NULL,
  PRIMARY KEY (`ID`)
) ENGINE=InnoDB DEFAULT CHARSET=utf8mb4 COLLATE=utf8mb4_0900_ai_ci;
/*!40101 SET character_set_client = @saved_cs_client */;

--
-- Dumping data for table `banker`
--

LOCK TABLES `banker` WRITE;
/*!40000 ALTER TABLE `banker` DISABLE KEYS */;
INSERT INTO `banker` VALUES (1,'Roger Doger Doger','Roger Doger','Doger','2022-09-15','2099-12-31',1),(2,'Tasha Strangelove','Tasha','Strangelove','2022-09-15','2099-12-31',1),(3,'Luke Labrodor','Luke','Labrodor','2022-09-15','2099-12-31',1),(4,'Valerie Stargazer','Valerie','Stargazer','2022-09-15','2099-12-31',1);
/*!40000 ALTER TABLE `banker` ENABLE KEYS */;
UNLOCK TABLES;

--
-- Table structure for table `client`
--

DROP TABLE IF EXISTS `client`;
/*!40101 SET @saved_cs_client     = @@character_set_client */;
/*!50503 SET character_set_client = utf8mb4 */;
CREATE TABLE `client` (
  `ID` int NOT NULL,
  `Client_ID` int NOT NULL,
  `HH_ID` int NOT NULL,
  `Person_Org` varchar(128) NOT NULL,
  `Name` varchar(128) NOT NULL,
  `FirstName` varchar(128) DEFAULT NULL,
  `LastName` varchar(128) DEFAULT NULL,
  `SSN` varchar(128) DEFAULT NULL,
  `Address_ID` int NOT NULL,
  `Banker_ID` int NOT NULL,
  `Employer_ID` int NOT NULL,
  `Open_Dt` date NOT NULL,
  `Start_Dt` date NOT NULL,
  `End_Dt` date NOT NULL,
  `Is_Current` int NOT NULL,
  PRIMARY KEY (`ID`),
  KEY `Address_ID` (`Address_ID`),
  KEY `Banker_ID` (`Banker_ID`),
  KEY `HH_ID` (`HH_ID`),
  KEY `Employer_ID` (`Employer_ID`),
  CONSTRAINT `client_ibfk_1` FOREIGN KEY (`Address_ID`) REFERENCES `address` (`ID`),
  CONSTRAINT `client_ibfk_2` FOREIGN KEY (`Banker_ID`) REFERENCES `banker` (`ID`),
  CONSTRAINT `client_ibfk_3` FOREIGN KEY (`HH_ID`) REFERENCES `HH` (`ID`),
  CONSTRAINT `client_ibfk_4` FOREIGN KEY (`Employer_ID`) REFERENCES `employer` (`ID`)
) ENGINE=InnoDB DEFAULT CHARSET=utf8mb4 COLLATE=utf8mb4_0900_ai_ci;
/*!40101 SET character_set_client = @saved_cs_client */;

--
-- Dumping data for table `client`
--

LOCK TABLES `client` WRITE;
/*!40000 ALTER TABLE `client` DISABLE KEYS */;
INSERT INTO `client` VALUES (1,1,1,'Person','Angelica James','Angelica','James','123-45-6789',1,4,1,'2022-09-15','2022-09-15','2099-12-31',1),(2,2,1,'Person','Henry James','Henry','James','234-56-7890',1,4,2,'2022-09-15','2022-09-15','2099-12-31',1),(3,3,2,'Org','Stevens Valley School',NULL,NULL,'345-67-8901',2,1,1,'1985-06-15','1985-06-15','2099-12-31',1),(4,4,3,'Person','Mary Spock','Mary','Spock','456-78-9012',3,3,1,'1999-05-04','1999-05-04','2099-12-31',1),(5,5,4,'Person','Nancy  Drew','Nancy ','Drew','567-89-0123',4,2,1,'2023-08-06','2023-08-06','2099-12-31',1),(6,6,5,'Person','Alvin Hardy','Alvin','Hardy','678-90-1234',5,2,1,'2021-02-09','2021-02-09','2099-12-31',1),(7,7,3,'Person','George Spock','George','Spock','789-01-2345',3,3,3,'1999-05-04','1999-05-04','2099-12-31',1),(8,8,6,'Person','Billy Kirk','Billy','Kirk','890-12-3456',6,4,2,'2005-04-21','2005-04-21','2099-12-31',1),(9,9,7,'Person','Mary Spock','Mary','Spock','901-23-4567',9,1,4,'2005-04-21','2005-04-21','2099-12-31',1);
/*!40000 ALTER TABLE `client` ENABLE KEYS */;
UNLOCK TABLES;

--
-- Table structure for table `date`
--

DROP TABLE IF EXISTS `date`;
/*!40101 SET @saved_cs_client     = @@character_set_client */;
/*!50503 SET character_set_client = utf8mb4 */;
CREATE TABLE `date` (
  `ID` int NOT NULL,
  `Date` date NOT NULL,
  `Julian_Dt` int NOT NULL,
  `Month` int NOT NULL,
  `Day` int NOT NULL,
  `Year` int NOT NULL,
  `Quarter` int NOT NULL,
  PRIMARY KEY (`ID`)
) ENGINE=InnoDB DEFAULT CHARSET=utf8mb4 COLLATE=utf8mb4_0900_ai_ci;
/*!40101 SET character_set_client = @saved_cs_client */;

--
-- Dumping data for table `date`
--

LOCK TABLES `date` WRITE;
/*!40000 ALTER TABLE `date` DISABLE KEYS */;
INSERT INTO `date` VALUES (1,'2023-09-01',2460188,9,1,2023,3),(2,'2023-09-02',2460189,9,2,2023,3),(3,'2023-09-03',2460190,9,3,2023,3),(4,'2023-09-04',2460191,9,4,2023,3),(5,'2023-09-05',2460192,9,5,2023,3),(6,'2023-09-06',2460193,9,6,2023,3),(7,'2023-09-07',2460194,9,7,2023,3),(8,'2023-09-08',2460195,9,8,2023,3),(9,'2023-09-09',2460196,9,9,2023,3),(10,'2023-09-10',2460197,9,10,2023,3),(11,'2023-09-11',2460198,9,11,2023,3),(12,'2023-09-12',2460199,9,12,2023,3),(13,'2023-09-13',2460200,9,13,2023,3),(14,'2023-09-14',2460201,9,14,2023,3),(15,'2023-09-15',2460202,9,15,2023,3),(16,'2023-09-16',2460203,9,16,2023,3),(17,'2023-09-17',2460204,9,17,2023,3),(18,'2023-09-18',2460205,9,18,2023,3),(19,'2023-09-19',2460206,9,19,2023,3),(20,'2023-09-20',2460207,9,20,2023,3),(21,'2023-09-21',2460208,9,21,2023,3),(22,'2023-09-22',2460209,9,22,2023,3),(23,'2023-09-23',2460210,9,23,2023,3),(24,'2023-09-24',2460211,9,24,2023,3),(25,'2023-09-25',2460212,9,25,2023,3),(26,'2023-09-26',2460213,9,26,2023,3),(27,'2023-09-27',2460214,9,27,2023,3),(28,'2023-09-28',2460215,9,28,2023,3),(29,'2023-09-29',2460216,9,29,2023,3),(30,'2023-09-30',2460217,9,30,2023,3),(31,'2023-10-01',2460218,10,1,2023,3),(32,'2023-10-02',2460219,10,2,2023,3),(33,'2023-10-03',2460220,10,3,2023,3),(34,'2023-10-04',2460221,10,4,2023,3),(35,'2023-10-05',2460222,10,5,2023,3),(36,'2023-10-06',2460223,10,6,2023,3),(37,'2023-10-07',2460224,10,7,2023,3),(38,'2023-10-08',2460225,10,8,2023,3),(39,'2023-10-09',2460226,10,9,2023,3),(40,'2023-10-10',2460227,10,10,2023,3),(41,'2023-10-11',2460228,10,11,2023,3),(42,'2023-10-12',2460229,10,12,2023,3),(43,'2023-10-13',2460230,10,13,2023,3),(44,'2023-10-14',2460231,10,14,2023,3),(45,'2023-10-15',2460232,10,15,2023,3),(46,'2023-10-16',2460233,10,16,2023,3),(47,'2023-10-17',2460234,10,17,2023,3),(48,'2023-10-18',2460235,10,18,2023,3),(49,'2023-10-19',2460236,10,19,2023,3),(50,'2023-10-20',2460237,10,20,2023,3),(51,'2023-10-21',2460238,10,21,2023,3),(52,'2023-10-22',2460239,10,22,2023,3),(53,'2023-10-23',2460240,10,23,2023,3),(54,'2023-10-24',2460241,10,24,2023,3),(55,'2023-10-25',2460242,10,25,2023,3),(56,'2023-10-26',2460243,10,26,2023,3),(57,'2023-10-27',2460244,10,27,2023,3),(58,'2023-10-28',2460245,10,28,2023,3),(59,'2023-10-29',2460246,10,29,2023,3),(60,'2023-10-30',2460247,10,30,2023,3),(61,'2023-10-31',2460248,10,31,2023,3);
/*!40000 ALTER TABLE `date` ENABLE KEYS */;
UNLOCK TABLES;

--
-- Table structure for table `employer`
--

DROP TABLE IF EXISTS `employer`;
/*!40101 SET @saved_cs_client     = @@character_set_client */;
/*!50503 SET character_set_client = utf8mb4 */;
CREATE TABLE `employer` (
  `ID` int NOT NULL,
  `Name` varchar(128) DEFAULT NULL,
  `Address_ID` int NOT NULL,
  `Client_ID` int DEFAULT NULL,
  `Industry` varchar(128) DEFAULT NULL,
  `Start_Dt` date NOT NULL,
  `End_Dt` date NOT NULL,
  `Is_Current` int NOT NULL,
  PRIMARY KEY (`ID`),
  KEY `Address_ID` (`Address_ID`),
  CONSTRAINT `employer_ibfk_1` FOREIGN KEY (`Address_ID`) REFERENCES `address` (`ID`)
) ENGINE=InnoDB DEFAULT CHARSET=utf8mb4 COLLATE=utf8mb4_0900_ai_ci;
/*!40101 SET character_set_client = @saved_cs_client */;

--
-- Dumping data for table `employer`
--

LOCK TABLES `employer` WRITE;
/*!40000 ALTER TABLE `employer` DISABLE KEYS */;
INSERT INTO `employer` VALUES (1,'Stevens Valley School',2,3,'Education','2022-09-15','2099-12-31',1),(2,'AstroTurf Unlimited',7,NULL,'Sports','2022-09-15','2099-12-31',1),(3,'Hotel Armada',8,NULL,'Hospitality','1985-06-15','2099-12-31',1),(4,'Federal Reserve Bank of San Francisco',10,NULL,'Government','1999-05-04','2099-12-31',1);
/*!40000 ALTER TABLE `employer` ENABLE KEYS */;
UNLOCK TABLES;

--
-- Table structure for table `HH`
--

DROP TABLE IF EXISTS `HH`;
/*!40101 SET @saved_cs_client     = @@character_set_client */;
/*!50503 SET character_set_client = utf8mb4 */;
CREATE TABLE `HH` (
  `ID` int NOT NULL,
  `Person_Org` varchar(128) NOT NULL,
  `Name` varchar(128) NOT NULL,
  `FirstName` varchar(128) DEFAULT NULL,
  `LastName` varchar(128) DEFAULT NULL,
  `Address_ID` int NOT NULL,
  `Banker_ID` int NOT NULL,
  `Open_Dt` date NOT NULL,
  `Start_Dt` date NOT NULL,
  `End_Dt` date NOT NULL,
  `Is_Current` int NOT NULL,
  PRIMARY KEY (`ID`),
  KEY `Address_ID` (`Address_ID`),
  KEY `Banker_ID` (`Banker_ID`),
  CONSTRAINT `hh_ibfk_1` FOREIGN KEY (`Address_ID`) REFERENCES `address` (`ID`),
  CONSTRAINT `hh_ibfk_2` FOREIGN KEY (`Banker_ID`) REFERENCES `banker` (`ID`)
) ENGINE=InnoDB DEFAULT CHARSET=utf8mb4 COLLATE=utf8mb4_0900_ai_ci;
/*!40101 SET character_set_client = @saved_cs_client */;

--
-- Dumping data for table `HH`
--

LOCK TABLES `HH` WRITE;
/*!40000 ALTER TABLE `HH` DISABLE KEYS */;
INSERT INTO `HH` VALUES (1,'Person','Angelica James','Angelica','James',1,4,'2022-09-15','2022-09-15','2099-12-31',1),(2,'Org','Stevens Valley School',NULL,NULL,2,1,'1985-06-15','1985-06-15','2099-12-31',1),(3,'Person','Mary Spock','Mary','Spock',3,3,'1999-05-04','1999-05-04','2099-12-31',1),(4,'Person','Nancy  Drew','Nancy ','Drew',4,2,'2023-08-06','2023-08-06','2099-12-31',1),(5,'Person','Alvin Hardy','Alvin','Hardy',5,2,'2021-02-09','2021-02-09','2099-12-31',1),(6,'Person','Billy Kirk','Billy','Kirk',6,4,'2005-04-21','2005-04-21','2099-12-31',1),(7,'Person','Mary Spock','Mary','Spock',9,1,'2005-04-21','2005-04-21','2099-12-31',1);
/*!40000 ALTER TABLE `HH` ENABLE KEYS */;
UNLOCK TABLES;

--
-- Table structure for table `product`
--

DROP TABLE IF EXISTS `product`;
/*!40101 SET @saved_cs_client     = @@character_set_client */;
/*!50503 SET character_set_client = utf8mb4 */;
CREATE TABLE `product` (
  `ID` int NOT NULL,
  `Type` varchar(128) NOT NULL,
  `Name` varchar(128) NOT NULL,
  `Start_Dt` date NOT NULL,
  `End_Dt` date NOT NULL,
  `Is_Current` int NOT NULL,
  PRIMARY KEY (`ID`)
) ENGINE=InnoDB DEFAULT CHARSET=utf8mb4 COLLATE=utf8mb4_0900_ai_ci;
/*!40101 SET character_set_client = @saved_cs_client */;

--
-- Dumping data for table `product`
--

LOCK TABLES `product` WRITE;
/*!40000 ALTER TABLE `product` DISABLE KEYS */;
INSERT INTO `product` VALUES (1,'Checking','Simple Checking','2022-09-15','2099-12-31',1),(2,'Loan','Commercial Loan','2022-09-15','2099-12-31',1),(3,'Loan','Commercial Real-Estate','2022-09-15','2099-12-31',1),(4,'Securities','Investment','2022-09-15','2099-12-31',1),(5,'Saving','CD','2022-09-15','2099-12-31',1),(6,'Saving','Passbook Saving','2022-09-15','2099-12-31',1),(7,'Loan','SFR','2022-09-15','2099-12-31',1),(8,'Loan','Line of Credit-Current','2022-09-15','2099-12-31',1),(9,'Loan','Line of Credit-Future','2022-09-15','2099-12-31',1),(10,'Loan','ODLOC','2022-09-15','2099-12-31',1);
/*!40000 ALTER TABLE `product` ENABLE KEYS */;
UNLOCK TABLES;

--
-- Table structure for table `relationship`
--

DROP TABLE IF EXISTS `relationship`;
/*!40101 SET @saved_cs_client     = @@character_set_client */;
/*!50503 SET character_set_client = utf8mb4 */;
CREATE TABLE `relationship` (
  `ID` int NOT NULL,
  `Account_ID` int NOT NULL,
  `Client_ID` int NOT NULL,
  `Relationship_Type` varchar(128) NOT NULL,
  `Start_Dt` date NOT NULL,
  `End_Dt` date NOT NULL,
  `Is_Current` int NOT NULL,
  PRIMARY KEY (`ID`),
  KEY `Account_ID` (`Account_ID`),
  KEY `Client_ID` (`Client_ID`),
  CONSTRAINT `relationship_ibfk_1` FOREIGN KEY (`Account_ID`) REFERENCES `account` (`ID`),
  CONSTRAINT `relationship_ibfk_2` FOREIGN KEY (`Client_ID`) REFERENCES `client` (`ID`)
) ENGINE=InnoDB DEFAULT CHARSET=utf8mb4 COLLATE=utf8mb4_0900_ai_ci;
/*!40101 SET character_set_client = @saved_cs_client */;

--
-- Dumping data for table `relationship`
--

LOCK TABLES `relationship` WRITE;
/*!40000 ALTER TABLE `relationship` DISABLE KEYS */;
INSERT INTO `relationship` VALUES (1,1,3,'Primary','2022-09-15','2099-12-31',1),(2,2,3,'Primary','2022-09-15','2099-12-31',1),(3,3,3,'Primary','2022-09-15','2099-12-31',1),(4,4,3,'Primary','2022-09-15','2099-12-31',1),(5,5,3,'Primary','2022-09-15','2099-12-31',1),(6,6,3,'Primary','2022-09-15','2099-12-31',1),(7,7,3,'Primary','2022-09-15','2099-12-31',1),(8,1,1,'Authorized Signer','2022-09-15','2099-12-31',1),(9,1,4,'Authorized Signer','2022-09-15','2099-12-31',1),(10,1,5,'Reporter','2022-09-15','2099-12-31',1),(11,1,6,'Reporter','2022-09-15','2099-12-31',1),(12,2,1,'Authorized Signer','2022-09-15','2099-12-31',1),(13,2,4,'Authorized Signer','2022-09-15','2099-12-31',1),(14,2,5,'Reporter','2022-09-15','2099-12-31',1),(15,2,6,'Reporter','2022-09-15','2099-12-31',1),(16,3,1,'Authorized Signer','2022-09-15','2099-12-31',1),(17,3,4,'Authorized Signer','2022-09-15','2099-12-31',1),(18,3,5,'Reporter','2022-09-15','2099-12-31',1),(19,3,6,'Reporter','2022-09-15','2099-12-31',1),(20,4,1,'Authorized Signer','2022-09-15','2099-12-31',1),(21,4,4,'Authorized Signer','2022-09-15','2099-12-31',1),(22,4,5,'Reporter','2022-09-15','2099-12-31',1),(23,4,6,'Reporter','2022-09-15','2099-12-31',1),(24,5,1,'Authorized Signer','2022-09-15','2099-12-31',1),(25,5,4,'Authorized Signer','2022-09-15','2099-12-31',1),(26,5,5,'Reporter','2022-09-15','2099-12-31',1),(27,5,6,'Reporter','2022-09-15','2099-12-31',1),(28,6,1,'Authorized Signer','2022-09-15','2099-12-31',1),(29,6,4,'Authorized Signer','2022-09-15','2099-12-31',1),(30,6,5,'Reporter','2022-09-15','2099-12-31',1),(31,6,6,'Reporter','2022-09-15','2099-12-31',1),(32,7,1,'Authorized Signer','2022-09-15','2099-12-31',1),(33,7,4,'Authorized Signer','2022-09-15','2099-12-31',1),(34,7,5,'Reporter','2022-09-15','2099-12-31',1),(35,7,6,'Reporter','2022-09-15','2099-12-31',1),(36,8,4,'Primary','2022-09-15','2099-12-31',1),(37,8,7,'Secondary','2022-09-15','2099-12-31',1),(38,9,4,'Primary','2022-09-15','2099-12-31',1),(39,9,7,'Secondary','2022-09-15','2099-12-31',1),(40,10,4,'Primary','2022-09-15','2099-12-31',1),(41,10,7,'Secondary','2022-09-15','2099-12-31',1),(42,11,4,'Primary','2022-09-15','2099-12-31',1),(43,11,7,'Secondary','2022-09-15','2099-12-31',1),(44,12,4,'Primary','2022-09-15','2099-12-31',1),(45,12,7,'Secondary','2022-09-15','2099-12-31',1),(46,13,4,'Primary','2022-09-15','2099-12-31',1),(47,13,7,'Secondary','2022-09-15','2099-12-31',1),(48,14,4,'Primary','2022-09-15','2099-12-31',1),(49,14,7,'Secondary','2022-09-15','2099-12-31',1),(50,15,4,'Primary','2022-09-15','2099-12-31',1),(51,15,7,'Secondary','2022-09-15','2099-12-31',1),(52,16,1,'Primary','2022-09-15','2099-12-31',1),(53,17,1,'Primary','2022-09-15','2099-12-31',1),(54,18,1,'Primary','2022-09-15','2099-12-31',1),(55,19,1,'Primary','2022-09-15','2099-12-31',1),(56,20,1,'Primary','2022-09-15','2099-12-31',1),(57,16,2,'Secondary','2022-09-15','2099-12-31',1),(58,17,2,'Secondary','2022-09-15','2099-12-31',1),(59,18,2,'Secondary','2022-09-15','2099-12-31',1),(60,19,2,'Secondary','2022-09-15','2099-12-31',1),(61,20,2,'Secondary','2022-09-15','2099-12-31',1),(62,21,5,'Primary','2022-09-15','2099-12-31',1),(63,22,5,'Primary','2022-09-15','2099-12-31',1),(64,23,5,'Primary','2022-09-15','2099-12-31',1),(65,24,6,'Primary','2022-09-15','2099-12-31',1),(66,16,6,'Primary','2022-09-15','2099-12-31',1),(67,26,8,'Primary','2022-09-15','2099-12-31',1),(68,27,7,'Primary','2022-09-15','2099-12-31',1),(69,28,7,'Primary','2022-09-15','2099-12-31',1),(70,27,4,'Secondary','2022-09-15','2099-12-31',1),(71,28,4,'Secondary','2022-09-15','2099-12-31',1);
/*!40000 ALTER TABLE `relationship` ENABLE KEYS */;
UNLOCK TABLES;
/*!40103 SET TIME_ZONE=@OLD_TIME_ZONE */;

/*!40101 SET SQL_MODE=@OLD_SQL_MODE */;
/*!40014 SET FOREIGN_KEY_CHECKS=@OLD_FOREIGN_KEY_CHECKS */;
/*!40014 SET UNIQUE_CHECKS=@OLD_UNIQUE_CHECKS */;
/*!40101 SET CHARACTER_SET_CLIENT=@OLD_CHARACTER_SET_CLIENT */;
/*!40101 SET CHARACTER_SET_RESULTS=@OLD_CHARACTER_SET_RESULTS */;
/*!40101 SET COLLATION_CONNECTION=@OLD_COLLATION_CONNECTION */;
/*!40111 SET SQL_NOTES=@OLD_SQL_NOTES */;

-- Dump completed on 2023-10-19 10:01:17
